mirnaid,refseqid,genesymbol,duplex,start,end,bindingp,energy,seed,accessibility,au,phylopstem,phylopflank,me,number_of_pairings,binding_region_length,longest_consecutive_pairings,position,validated,TargetScan,miRDB
hsa-miR-2861,NM_001549,IFIT3,.((.((((((((.((((((&))))))...)))))).)).)).,2151,2173,1.0,-25.3,1,1.689551e-05,0.559,0.11067963777777777,-0.20438784625000003,-8.114477724982551,16,22,6,3UTR,,0,1
hsa-miR-7150,NM_001549,IFIT3,.((((((((((..(((..&.)))..)).)))))))).,2144,2167,1.0,-24.6,1,0.0174981,0.529,-0.06060640181818182,-0.23403345649999996,-8.429258759619717,13,18,8,3UTR,,0,1
hsa-miR-2861,NM_001031683,IFIT3,.((.((((((((.((((((&))))))...)))))).)).)).,2168,2190,1.0,-25.3,1,1.689551e-05,0.559,0.11067963777777777,-0.20438784625000003,-8.114477724982551,16,22,6,3UTR,,0,1
hsa-miR-7150,NM_001031683,IFIT3,.((((((((((..(((..&.)))..)).)))))))).,2161,2184,1.0,-24.6,1,0.0174981,0.529,-0.06060640181818182,-0.23403345649999996,-8.429258759619717,13,18,8,3UTR,,0,1
hsa-miR-2115-3p,NM_002759,EIF2AK2,...(((.(((((.(((((((..&))))))))))))..))).,2476,2494,0.9615384615384616,-20.2,1,0.000287138,0.471,1.8186150571428574,1.572706813,-9.3473573412163,15,18,12,3UTR,,0,1
hsa-miR-6507-5p,NM_001135651,EIF2AK2,(((((....((((((((((((&)))))))))))).....))))).,7732,7755,0.9615384615384616,-17.0,1,0.1516184,0.632,0.14381091666666665,0.02201495000000003,-10.752244329692425,17,23,12,3UTR,,0,1
hsa-miR-6740-5p,NM_001135651,EIF2AK2,.(((.((((.(((((((((((.&))))))...))))))))).))).,3806,3829,0.9615384615384616,-24.9,1,0.006962629,0.471,-0.12014250000000001,0.32693783250000014,-9.154868480497768,18,23,9,3UTR,,0,1
hsa-miR-6759-5p,NM_002759,EIF2AK2,(((.(((((((((((..(((((&)))))..))))))..)))))))).,5400,5424,0.9743589743589743,-21.1,1,0.00478261,0.588,0.0,0.0,-7.202645801464468,19,24,8,3UTR,,0,1
hsa-miR-6759-5p,NM_001135651,EIF2AK2,(((.(((((((((((..(((((&)))))..))))))..)))))))).,5166,5190,0.9743589743589743,-21.1,1,0.00478261,0.588,0.05146153846153845,0.08875553749999997,-7.202645801464468,19,24,8,3UTR,,0,1
hsa-let-7f-1-3p,NM_002759,EIF2AK2,.....(((((((((.(((((((&))))))).))))....))))).,3311,3333,1.0,-19.3,1,0.02868635,0.574,1.6732040692307693,0.28852345999999995,-14.401049203701035,16,22,7,3UTR,,0,1
hsa-miR-299-3p,NM_002759,EIF2AK2,...(((((.(((((....((((&))))...)))))))))).,2499,2517,1.0,-17.9,1,0.002180549,0.574,1.79248008,2.5351100080000006,-8.53942849247875,14,18,10,3UTR,,0,1
hsa-miR-328-3p,NM_002759,EIF2AK2,((((((((((.(..(((((((.&)))))))..)))))).))))).,3916,3938,1.0,-26.0,1,8.080217e-05,0.456,1.2141494545454545,1.4746801649999999,-8.908319451798665,18,22,7,3UTR,,0,1
hsa-miR-18b-3p,NM_002759,EIF2AK2,((((((...((((.(((((((.&))))))).)).)))))))).,6342,6362,1.0,-21.7,1,8.139003e-07,0.574,0.0,0.0,-9.708125486019785,17,20,8,3UTR,,0,1
hsa-miR-511-5p,NM_002759,EIF2AK2,(((((..((((.((.(((((.&))))).)).)))).))))).,2403,2423,1.0,-24.2,1,9.053411e-05,0.456,-0.0014037999999999885,1.6272968587499999,-11.46447261211302,16,20,5,3UTR,,0,1
hsa-miR-1827,NM_002759,EIF2AK2,((((((((.(((.(((..&))).))))))))))).,2780,2796,1.0,-19.4,1,0.02574685,0.603,0.49251382500000007,0.5389406749999999,-6.283094717113671,14,16,11,3UTR,,0,1
hsa-miR-3120-3p,NM_002759,EIF2AK2,..(((.((.(((((((((((.&))))....))))))).)).))).,8765,8788,1.0,-20.3,1,0.01990235,0.574,0.0,0.0,-7.914349138811099,16,23,7,3UTR,,0,1
hsa-miR-323b-5p,NM_002759,EIF2AK2,((((((..(((((((.(((((..&.))))))))))))..)))))).,2610,2659,1.0,-25.5,1,0.00237829,0.485,1.3440044857142859,1.03214799,-8.027944990557229,18,22,12,3UTR,,0,1
hsa-miR-4316,NM_002759,EIF2AK2,(((((((((.(((((((&))))).))..))))))))).,2643,2663,1.0,-23.1,1,0.001554337,0.471,2.341391777777778,1.4724957799999996,-5.180080914529843,16,20,9,3UTR,,0,1
hsa-miR-4316,NM_002759,EIF2AK2,((.((((((.((.((((&)))).))...)))))))).,2599,2618,1.0,-21.3,1,0.00434491,0.426,0.6480164666666667,0.8510121899999997,-8.026751001502536,14,19,8,3UTR,,0,1
hsa-miR-4326,NM_002759,EIF2AK2,(((((((((((((((((((.&))))).)).)))).....)))))))).,3642,3669,1.0,-21.8,1,0.00645553,0.574,0.787352530769231,0.9885424362499999,-3.937574446201665,19,27,8,3UTR,,0,1
hsa-miR-4433a-3p,NM_002759,EIF2AK2,.(((((((((((((((((...&.))))))))))))).)))).,5362,5388,1.0,-26.6,1,0.0004470272,0.471,0.0,0.0,-3.793324837357118,17,20,13,3UTR,MIRT706561,0,1
hsa-miR-4436a,NM_002759,EIF2AK2,((((((((((.((((((.((.&)).)))))).)))))))))).,7725,7746,1.0,-23.3,1,0.001782743,0.574,0.0,0.0,-6.7623489216120145,18,21,10,3UTR,,0,1
hsa-miR-4436a,NM_002759,EIF2AK2,((((((.((((((((((....&.))))))))))..................)))))).,2423,2474,1.0,-23.6,1,0.003039266,0.471,1.9754159999999998,0.8292727129999998,-5.4812609810729835,16,36,10,3UTR,,0,1
hsa-miR-4436a,NM_002759,EIF2AK2,((((..((((((..(((((((&)))))))..)))))))))).,3382,3402,1.0,-22.2,1,0.00055173,0.647,0.6512562714285713,0.1038820429999999,-12.103540912393834,17,20,10,3UTR,,0,1
hsa-miR-4483,NM_002759,EIF2AK2,(((((((..((.(((((&)))))))..))))))).,4058,4075,1.0,-20.3,1,0.1026423,0.426,2.271130428571429,2.3454042912500004,-10.654402343224413,14,17,7,3UTR,,0,1
hsa-miR-4496,NM_002759,EIF2AK2,(((((.((((((.((((((((.&)))))))).)))).))..))))).,2446,2470,1.0,-23.0,1,0.001385836,0.485,0.2578713749999999,1.8072517532499996,-7.127663820060954,19,24,8,3UTR,,0,1
hsa-miR-4652-3p,NM_002759,EIF2AK2,..((((((..(((((((((((.&)))))))..........))))..)))))).,3313,3343,1.0,-23.8,1,0.02880958,0.574,1.6308620380952377,0.0883987020625,-7.255896845946231,17,30,7,3UTR,MIRT668591,0,1
hsa-miR-4684-5p,NM_002759,EIF2AK2,(((((((((.(((.(((.....&))).)).).))))))))).,3583,3602,1.0,-18.1,1,0.1737851,0.485,1.3131633999999999,0.67598525,-6.03692083205025,15,19,9,3UTR,,0,1
hsa-miR-4720-3p,NM_002759,EIF2AK2,((((((((((((.((......&)))))))))))))).,4856,4871,1.0,-16.6,1,0.02109399,0.515,0.0,0.0,-5.459754139171521,14,15,14,3UTR,,0,1
hsa-miR-4731-5p,NM_002759,EIF2AK2,....(((((((((.(((((((.&)))))))))))))))).,9226,9243,1.0,-27.2,1,0.002359521,0.574,0.0,0.0,-10.403402386158335,16,17,16,3UTR,,0,1
hsa-miR-4804-3p,NM_002759,EIF2AK2,(((((.((((((((.((((..&))))...)))))))).))))).,8589,8611,1.0,-21.9,1,0.00712996,0.515,0.0,0.0,-6.573982767645346,17,22,8,3UTR,,0,1
hsa-miR-5003-3p,NM_002759,EIF2AK2,(((((((((((((.(((((((&))))))).))))))))))))).,4962,4984,1.0,-24.1,1,6.100578e-06,0.412,0.0,0.0,-4.794414363722071,20,22,13,3UTR,,0,1
hsa-miR-548as-5p,NM_002759,EIF2AK2,...((((..((.((((((((((&))))))))))))....)))).,6023,6044,1.0,-17.0,1,0.1051651,0.529,0.0,0.0,-13.231368090701489,16,21,12,3UTR,,0,1
hsa-miR-6734-3p,NM_002759,EIF2AK2,.(((((((((((((((((.....&))))))))))))..))))).,4974,4994,1.0,-24.3,1,5.877903e-05,0.382,0.0,0.0,-3.793324837357118,17,20,12,3UTR,,0,1
hsa-miR-6740-5p,NM_002759,EIF2AK2,.(((.((((.(((((((((((.&))))))...))))))))).))).,4040,4063,1.0,-24.9,1,0.006962629,0.471,2.73373485,1.525052815,-9.154868480497768,18,23,9,3UTR,,0,1
hsa-miR-6756-5p,NM_002759,EIF2AK2,.((((((((((((..((((((((&)))).))))..)))))))))))).,2640,2664,1.0,-36.5,1,0.001908432,0.456,1.2309808333333336,1.48811093,-5.3856143151281595,20,24,12,3UTR,,0,1
hsa-miR-6756-5p,NM_002759,EIF2AK2,.((((((((((((((((((((..&.)))...))))))).....)))))))))).,4102,4146,1.0,-36.6,1,0.009662486,0.471,2.7183147928571425,2.4758327099999997,-3.793324837357118,20,30,10,3UTR,,0,1
hsa-miR-6759-5p,NM_002759,EIF2AK2,..((((((.((((.(.((((((&)))))).).)))))))))).,2497,2517,1.0,-26.3,1,0.002180549,0.574,4.187559166666667,1.8349695865000006,-7.103279375442071,17,20,10,3UTR,,0,1
hsa-miR-6761-5p,NM_002759,EIF2AK2,(((((((((((....(((((.&))))).......))))))))))).,5185,5209,1.0,-20.3,1,0.0006156683,0.721,0.0,0.0,-10.165797846235305,16,24,11,3UTR,,0,1
hsa-miR-6766-5p,NM_002759,EIF2AK2,.((((((((((((.((........&)))))))))))))).,3898,3913,1.0,-22.5,1,0.00108308,0.382,1.0794965166666668,1.3217636862499997,-4.650164754877524,14,15,14,3UTR,,0,1
hsa-miR-6799-5p,NM_002759,EIF2AK2,((((.(((((((.(((..((&))..))).)))))))...)))).,4052,4075,1.0,-28.3,1,0.1026423,0.426,2.7028942857142857,1.8857559637500003,-9.34574223368038,16,23,7,3UTR,,0,1
hsa-miR-6807-3p,NM_002759,EIF2AK2,(((((((((((.((((((.....&.)))))).))))))))))).,5293,5321,1.0,-30.7,1,3.072987e-08,0.382,0.0,0.0,-7.284377755798021,17,20,11,3UTR,,0,1
hsa-miR-6825-5p,NM_002759,EIF2AK2,..(((((((((((.((((....&))))))..))))))))).,4114,4132,1.0,-24.7,1,0.03165862,0.426,3.080094169230769,2.4308574700000003,-5.813840636892696,15,18,9,3UTR,,0,1
hsa-miR-6867-5p,NM_002759,EIF2AK2,((((((((((((((....(((..&)))....))))...............)))))))))).,6365,6402,1.0,-19.4,1,0.2182117,0.588,0.0,0.0,-4.906073086755913,17,37,10,3UTR,MIRT668593,0,1
hsa-miR-7106-5p,NM_002759,EIF2AK2,(((((((..(((.((.((((&.)))).))))).....))))))).,4072,4133,1.0,-25.0,1,0.1313253,0.426,2.4767318571428567,2.46593842375,-8.829778726597915,16,24,7,3UTR,,0,1
hsa-miR-7110-5p,NM_002759,EIF2AK2,(((((((((((((((.(((((&.))))))))))))........)))))))).,4040,4077,1.0,-33.7,1,0.01717079,0.426,2.6519404826086954,1.5988128125,-4.1706235265052785,20,30,12,3UTR,,0,1
hsa-miR-12136,NM_002759,EIF2AK2,((....((((((((((((&))))))))))))...)).,9142,9160,1.0,-20.2,0,0.005827893,0.456,0.0,0.0,-14.547132131472821,14,18,12,3UTR,,0,1
hsa-miR-328-3p,NM_001135651,EIF2AK2,((((((((((((((((((((..&)))))))))...............)))...)))))))).,3272,3311,1.0,-29.7,1,0.001254799,0.456,0.06781880526315791,0.26926619124999995,-3.937574446201665,20,39,9,3UTR,,0,1
hsa-miR-328-3p,NM_001135651,EIF2AK2,((((((((((.(..(((((((.&)))))))..)))))).))))).,3682,3704,1.0,-26.0,1,8.080217e-05,0.456,0.20849166363636365,0.07800872625000001,-8.908319451798665,18,22,7,3UTR,,0,1
hsa-miR-18b-3p,NM_001135651,EIF2AK2,((((((...((((.(((((((.&))))))).)).)))))))).,6108,6128,1.0,-21.7,1,8.139003e-07,0.574,-0.00863314285714283,-0.04892711250000003,-9.708125486019785,17,20,8,3UTR,,0,1
hsa-miR-511-5p,NM_001135651,EIF2AK2,(((((..((((.((.(((((.&))))).)).)))).))))).,2169,2189,1.0,-24.2,1,9.053411e-05,0.456,1.155128,0.31721396875,-11.46447261211302,16,20,5,3UTR,,0,1
hsa-miR-570-5p,NM_001135651,EIF2AK2,..((((..((..(((((((((.&)))))))))..))..)))).,8074,8094,1.0,-17.0,1,0.004845695,0.574,-0.2403067888888889,0.26161395187500003,-14.985899968430946,15,20,9,3UTR,,0,1
hsa-miR-1827,NM_001135651,EIF2AK2,((((((((.(((.(((..&))).))))))))))).,2546,2562,1.0,-19.4,1,0.02574685,0.603,-0.1061702625,0.19535442625000002,-6.283094717113671,14,16,11,3UTR,,0,1
hsa-miR-1911-5p,NM_001135651,EIF2AK2,((((..(((((((((((((((((&)))))).))))))))))))))).,5686,5709,1.0,-25.0,1,4.479272e-06,0.471,0.09786422555555555,0.0246918455,-9.957570382207184,21,23,15,3UTR,,0,1
hsa-miR-3120-3p,NM_001135651,EIF2AK2,..(((.((.(((((((((((.&.))))....))))))).)).))).,8522,8554,1.0,-20.0,1,0.01990235,0.574,2.130414626666666,1.1555074775000003,-7.914349138811099,16,24,7,3UTR,,0,1
hsa-miR-3120-3p,NM_001135651,EIF2AK2,((((((.((((((..((....&))..)))))))))))).,9818,9835,1.0,-19.1,1,2.83698e-07,0.618,1.9010470000000002,1.3064720637499998,-7.073550458844025,14,17,12,3UTR,,0,1
hsa-miR-4316,NM_001135651,EIF2AK2,(((((((((.(((((((&))))).))..))))))))).,2409,2429,1.0,-23.1,1,0.001554337,0.471,0.5968667888888889,0.2818014100000001,-5.180080914529843,16,20,9,3UTR,,0,1
hsa-miR-4436a,NM_001135651,EIF2AK2,((((((((((.((((((.((.&)).)))))).)))))))))).,7491,7512,1.0,-23.3,1,0.001782743,0.574,-0.07981421000000002,0.10758611487499992,-6.7623489216120145,18,21,10,3UTR,,0,1
hsa-miR-4436a,NM_001135651,EIF2AK2,((((..((((((..(((((((&)))))))..)))))))))).,3148,3168,1.0,-22.2,1,0.00055173,0.647,0.0984384,0.14156540875,-12.103540912393834,17,20,10,3UTR,,0,1
hsa-miR-548ai,NM_001135651,EIF2AK2,..((((..((..(((((((((.&)))))))))..))..)))).,8074,8094,1.0,-17.0,1,0.004845695,0.574,-0.2403067888888889,0.26161395187500003,-14.985899968430946,15,20,9,3UTR,,0,1
hsa-miR-4483,NM_001135651,EIF2AK2,(((((((..((.(((((&)))))))..))))))).,3824,3841,1.0,-20.3,1,0.1026423,0.426,0.7911683428571428,0.27456267749999996,-10.654402343224413,14,17,7,3UTR,,0,1
hsa-miR-4496,NM_001135651,EIF2AK2,(((((.((((((.((((((((.&)))))))).)))).))..))))).,2212,2236,1.0,-23.0,1,0.001385836,0.485,0.050060125000000025,0.25940836875000006,-7.127663820060954,19,24,8,3UTR,,0,1
hsa-miR-4720-3p,NM_001135651,EIF2AK2,((((((((((((.((......&)))))))))))))).,4622,4637,1.0,-16.6,1,0.02109399,0.515,0.1663889916666667,-0.022049156250000007,-5.459754139171521,14,15,14,3UTR,,0,1
hsa-miR-4731-5p,NM_001135651,EIF2AK2,....(((((((((.(((((((.&)))))))))))))))).,8992,9009,1.0,-27.2,1,0.002359521,0.574,-0.6369936666666667,-0.31260319475,-10.403402386158335,16,17,16,3UTR,,0,1
hsa-miR-4796-3p,NM_001135651,EIF2AK2,....((((((((((..((((..&)))).)))))))))).,2151,2167,1.0,-18.0,1,6.31742e-06,0.559,0.30940179999999995,0.4380319537500001,-10.515061109192176,14,16,10,3UTR,,0,1
hsa-miR-4804-3p,NM_001135651,EIF2AK2,(((((.((((((((.((((..&))))...)))))))).))))).,8355,8377,1.0,-21.9,1,0.00712996,0.515,-0.25027869999999997,1.4036423192499998,-6.573982767645346,17,22,8,3UTR,,0,1
hsa-miR-5003-3p,NM_001135651,EIF2AK2,(((((((((((((.(((((((&))))))).))))))))))))).,4728,4750,1.0,-24.1,1,6.100578e-06,0.412,0.3177010769230769,-0.0012987750000000159,-4.794414363722071,20,22,13,3UTR,,0,1
hsa-miR-5003-3p,NM_001135651,EIF2AK2,((((((((..((((.((((((&)))))).))))..........)))))))).,8247,8277,1.0,-20.4,1,6.132636e-05,0.559,0.9722424999999999,0.7268494700000001,-6.971920133026242,18,30,8,3UTR,,0,1
hsa-miR-548as-5p,NM_001135651,EIF2AK2,...((((..((.((((((((((&))))))))))))....)))).,5789,5810,1.0,-17.0,1,0.1051651,0.529,-0.16369912000000003,0.18810904850000001,-13.231368090701489,16,21,12,3UTR,,0,1
hsa-miR-6756-5p,NM_001135651,EIF2AK2,.((((((((((((..((((((((&)))).))))..)))))))))))).,2406,2430,1.0,-36.5,1,0.001908432,0.456,0.5760359249999999,0.28857139625000006,-5.3856143151281595,20,24,12,3UTR,,0,1
hsa-miR-6759-5p,NM_001135651,EIF2AK2,..((((((.((((.(.((((((&)))))).).)))))))))).,2263,2283,1.0,-26.3,1,0.002180549,0.574,0.05526758333333334,-0.047323471250000006,-7.103279375442071,17,20,10,3UTR,,0,1
hsa-miR-6766-5p,NM_001135651,EIF2AK2,.((((((((((((.((........&)))))))))))))).,3664,3679,1.0,-22.5,1,0.00108308,0.382,0.20884858333333334,-0.09853677000000002,-4.650164754877524,14,15,14,3UTR,,0,1
hsa-miR-6807-3p,NM_001135651,EIF2AK2,(((((((((((.((((((.....&.)))))).))))))))))).,5059,5087,1.0,-30.7,1,3.072987e-08,0.382,0.02503729999999995,0.058050278749999976,-7.284377755798021,17,20,11,3UTR,,0,1
hsa-miR-6825-5p,NM_001135651,EIF2AK2,..(((((((((((.((((....&))))))..))))))))).,3880,3898,1.0,-24.7,1,0.03165862,0.426,0.013592799999999981,0.3122257949999999,-5.813840636892696,15,18,9,3UTR,,0,1
hsa-miR-6867-5p,NM_001135651,EIF2AK2,((((((((((((((....(((..&)))....))))...............)))))))))).,6131,6168,1.0,-19.4,1,0.2182117,0.588,0.12116089655172416,0.024754099999999994,-4.906073086755913,17,37,10,3UTR,MIRT668593,0,1
hsa-miR-7110-5p,NM_001135651,EIF2AK2,(((((((((((((((.(((((&.))))))))))))........)))))))).,3806,3843,1.0,-33.7,1,0.01717079,0.426,0.3151169173913043,0.32222998875,-4.1706235265052785,20,30,12,3UTR,,0,1
hsa-miR-7843-3p,NM_001135651,EIF2AK2,.(.((((...(((((((((((.&)))))))))))...)))).).,8363,8384,1.0,-20.4,1,1.936213e-05,0.544,1.1217245818181818,1.64303455675,-9.963395367418139,16,21,11,3UTR,,0,1
hsa-miR-12136,NM_001135651,EIF2AK2,((....((((((((((((&))))))))))))...)).,8908,8926,1.0,-20.2,0,0.005827893,0.456,1.0769327499999999,0.7334185637500004,-14.547132131472821,14,18,12,3UTR,,0,1
hsa-miR-328-3p,NM_001135652,EIF2AK2,((((((((((.(..(((((((.&)))))))..)))))).))))).,3319,3341,1.0,-26.0,1,8.080217e-05,0.456,0.8349277272727271,-0.011869085499999793,-8.908319451798665,18,22,7,3UTR,,0,1
hsa-miR-339-5p,NM_001135652,EIF2AK2,....((((((((((((.((((..&)))).)))))))))))).,3573,3591,1.0,-23.2,1,0.002395091,0.574,-0.028381425000000054,0.98617291875,-9.546562468637928,16,18,12,3UTR,,0,1
hsa-miR-511-5p,NM_001135652,EIF2AK2,(((((..((((.((.(((((.&))))).)).)))).))))).,1806,1826,1.0,-24.2,1,9.053411e-05,0.456,0.05025339999999996,-0.004512062499999976,-11.46447261211302,16,20,5,3UTR,,0,1
hsa-miR-1293,NM_001135652,EIF2AK2,((((((((((............&)))))))))).,3005,3016,1.0,-19.4,1,0.0007574036,0.441,-0.4841702,-0.3223520557499999,-13.223621401949268,10,11,10,3UTR,,0,1
hsa-miR-1293,NM_001135652,EIF2AK2,((.(((.(((((((.((((((.&)))))).))))))).))).)).,2591,2613,1.0,-20.8,1,0.05418831,0.735,1.9150737142857142,1.1117852400000003,-7.774250015630067,18,22,7,3UTR,,0,1
hsa-miR-3157-3p,NM_001135652,EIF2AK2,.((((.(((((((((((.....&.)))))))))))..)))).,1879,1908,1.0,-19.7,1,9.614946e-06,0.485,-0.20988181818181817,-0.05499877624999997,-5.694283598550164,15,19,11,3UTR,,0,1
hsa-miR-4316,NM_001135652,EIF2AK2,(((((((((.(((((((&))))).))..))))))))).,2046,2066,1.0,-23.1,1,0.001554337,0.471,-0.8792367566666668,0.04084087462500001,-5.180080914529843,16,20,9,3UTR,,0,1
hsa-miR-4316,NM_001135652,EIF2AK2,((.((((((.((.((((&)))).))...)))))))).,2002,2021,1.0,-21.3,1,0.00434491,0.426,-0.15283499999999997,0.11443153825,-8.026751001502536,14,19,8,3UTR,,0,1
hsa-miR-3938,NM_001135652,EIF2AK2,..((((((((.(((((((((.(&).).)))))))).)))))))).,2698,2720,1.0,-20.8,1,0.002900224,0.618,2.25949934,0.7399741,-7.7817751947826395,18,22,8,3UTR,,0,1
hsa-miR-4436a,NM_001135652,EIF2AK2,((((((.((((((((((....&.))))))))))..................)))))).,1826,1877,1.0,-23.6,1,0.003039266,0.471,0.0981732,0.06394454999999999,-5.4812609810729835,16,36,10,3UTR,,0,1
hsa-miR-4436a,NM_001135652,EIF2AK2,((((..((((((..(((((((&)))))))..)))))))))).,2785,2805,1.0,-22.2,1,0.00055173,0.647,0.8120789714285713,0.5375338124999999,-12.103540912393834,17,20,10,3UTR,,0,1
hsa-miR-4483,NM_001135652,EIF2AK2,(((((((..((.(((((&)))))))..))))))).,3461,3478,1.0,-20.3,1,0.1026423,0.426,1.5691600857142858,0.6584479487500001,-10.654402343224413,14,17,7,3UTR,,0,1
hsa-miR-6740-5p,NM_001135652,EIF2AK2,..(((((((((((((((.(((.&))).))))))))))))))).,2059,2079,1.0,-20.2,1,0.005452964,0.544,0.07307219999999999,0.15636150462500004,-4.95700071937229,18,20,15,3UTR,,0,1
hsa-miR-6756-5p,NM_001135652,EIF2AK2,.((((((((((((..((((((((&)))).))))..)))))))))))).,2043,2067,1.0,-36.5,1,0.001908432,0.456,-0.6719649925,0.051965149625000026,-5.3856143151281595,20,24,12,3UTR,,0,1
hsa-miR-6756-5p,NM_001135652,EIF2AK2,.((((((((((((((((((((..&.)))...))))))).....)))))))))).,3505,3549,1.0,-36.6,1,0.009662486,0.471,0.8584588499999999,1.1204535875000001,-3.793324837357118,20,30,10,3UTR,,0,1
hsa-miR-6766-5p,NM_001135652,EIF2AK2,.((((((((((((.((........&)))))))))))))).,3301,3316,1.0,-22.5,1,0.00108308,0.382,0.3691166666666667,0.3051574117500001,-4.650164754877524,14,15,14,3UTR,,0,1
hsa-miR-6799-5p,NM_001135652,EIF2AK2,((((.(((((((.(((..((&))..))).)))))))...)))).,3455,3478,1.0,-28.3,1,0.1026423,0.426,2.1079934714285717,0.7491690999999999,-9.34574223368038,16,23,7,3UTR,,0,1
hsa-miR-6807-3p,NM_001135652,EIF2AK2,((.((((((((.(((((((.(((&)))..))).)))).)))))))).)).,1796,1822,1.0,-25.1,1,2.332813e-05,0.441,0.217972375,0.010890687500000041,-8.84191723010447,20,26,8,3UTR,,0,1
hsa-miR-6825-5p,NM_001135652,EIF2AK2,..(((((((((((.((((....&))))))..))))))))).,3517,3535,1.0,-24.7,1,0.03165862,0.426,0.9074109230769232,1.19686565625,-5.813840636892696,15,18,9,3UTR,,0,1
hsa-miR-6842-5p,NM_001135652,EIF2AK2,((((((((((.((((.......&))))...)))))))))).,2080,2098,1.0,-23.4,1,0.1101365,0.706,0.269315169,0.1923013669999999,-6.995398001915627,14,18,10,3UTR,,0,1
hsa-miR-7106-5p,NM_001135652,EIF2AK2,..(((((.((((.(((((((&))))..))))))).))))).,3531,3551,1.0,-24.6,1,0.0527187,0.485,1.1831004222222223,0.8541998262499999,-8.559766261219163,16,20,7,3UTR,,0,1
hsa-miR-7110-5p,NM_001135652,EIF2AK2,(((((((((((((((.(((((&.))))))))))))........)))))))).,3443,3480,1.0,-33.7,1,0.01717079,0.426,0.923288052173913,0.6022568229999998,-4.1706235265052785,20,30,12,3UTR,,0,1
hsa-miR-8065,NM_001135652,EIF2AK2,((((((((.((((((....(((((&)))))))))))...)))))))).,2322,2345,1.0,-17.5,1,0.1683359,0.618,0.632282375,0.7196532825,-5.227013184751041,19,23,11,3UTR,,0,1
hsa-miR-4690-5p,NM_001146106,PARP9,(((.(((.(((((((((((((.&))))))))))))).)))))).,5375,5396,0.9615384615384616,-33.1,1,0.08767649,0.574,0.8098659230769231,0.8729054912500002,-9.283231650341488,19,21,13,3UTR,,0,1
hsa-miR-4723-5p,NM_001146106,PARP9,...((((((((((((.........&)))))))))))).,6149,6162,0.9615384615384616,-23.8,1,0.0001164914,0.456,4.948255833333333,2.6745225550000002,-6.747589273982352,12,13,12,3UTR,,0,1
hsa-miR-5002-5p,NM_001146103,PARP9,..(((.((.((((((((((((...&)))))))))))).)).))).,3293,3313,0.9743589743589743,-18.0,1,0.04853685,0.754,-0.38188116666666666,-0.16387605196428573,-7.914349138811099,17,20,12,3UTR,,0,1
hsa-miR-766-3p,NM_031458,PARP9,((((((((((((..........&)))))))))))).,3181,3194,1.0,-22.4,1,0.001057626,0.588,0.6097032083333334,0.16530969125000003,-7.052043616942562,12,13,12,3UTR,,0,1
hsa-miR-3173-3p,NM_031458,PARP9,..(((((((...(((.(((((.&)).))).)))))))))).,3220,3238,1.0,-19.4,1,0.03114491,0.618,0.11326149999999997,1.0318090462500003,-12.604134053010787,15,18,10,3UTR,,0,1
hsa-miR-6728-3p,NM_031458,PARP9,..(((((.(((((((((((((&))))))..)))))))))))).,3180,3201,1.0,-23.8,1,0.004132472,0.588,0.7588957666666667,0.019301003750000052,-7.27063564855292,18,21,12,3UTR,,0,1
hsa-miR-7111-5p,NM_031458,PARP9,((.(((((((((((.(((((..&)).)))))))))))))).)).,3220,3241,1.0,-28.3,1,0.06755341,0.588,-0.5233003636363637,1.1423389025000001,-6.2305634807587476,18,21,14,3UTR,,0,1
hsa-miR-766-3p,NM_001146103,PARP9,((((((((((((..........&)))))))))))).,3076,3089,1.0,-22.4,1,0.001057626,0.588,0.6097032083333334,0.16530969125000003,-7.052043616942562,12,13,12,3UTR,,0,1
hsa-miR-3173-3p,NM_001146103,PARP9,..(((((((...(((.(((((.&)).))).)))))))))).,3115,3133,1.0,-19.4,1,0.03114491,0.618,0.11326149999999997,1.0318090462500003,-12.604134053010787,15,18,10,3UTR,,0,1
hsa-miR-6728-3p,NM_001146103,PARP9,..(((((.(((((((((((((&))))))..)))))))))))).,3075,3096,1.0,-23.8,1,0.004132472,0.588,0.7588957666666667,0.019301003750000052,-7.27063564855292,18,21,12,3UTR,,0,1
hsa-miR-7111-5p,NM_001146103,PARP9,((.(((((((((((.(((((..&)).)))))))))))))).)).,3115,3136,1.0,-28.3,1,0.06755341,0.588,-0.5233003636363637,1.1423389025000001,-6.2305634807587476,18,21,14,3UTR,,0,1
hsa-miR-583,NM_001146104,PARP9,..((((((((((.........&)))))))))).,2966,2977,1.0,-16.6,1,0.03114491,0.618,0.40959131000000004,-0.3604829131249999,-8.071469890113187,10,11,10,3UTR,,0,1
hsa-miR-6728-3p,NM_001146104,PARP9,..(((((.(((((((((((((&))))))..)))))))))))).,2919,2940,1.0,-23.8,1,0.004132472,0.588,0.18592906600000003,0.18607224516249998,-7.27063564855292,18,21,12,3UTR,,0,1
hsa-miR-92a-2-5p,NM_001146106,PARP9,((((((((((((.(((((((..&))))))).)...........))))))))))).,6347,6379,1.0,-22.1,1,0.0003273913,0.441,0.9228967347826087,0.6470011306124998,-5.226705058867908,19,32,11,3UTR,,0,1
hsa-miR-30b-3p,NM_001146106,PARP9,((.(((((((((.(((......&.))).))))))))).)).,3688,3729,1.0,-23.2,1,0.003808775,0.412,-0.13800344444444443,0.194349057125,-6.7842445331743555,14,18,9,3UTR,,0,1
hsa-miR-124-3p,NM_001146106,PARP9,..(((.((..((((((((((..&))))))))))..))))).,5335,5353,1.0,-24.0,1,0.1254431,0.5,-0.04003252999999999,0.6792441962499997,-9.15685560713928,15,18,10,3UTR,MIRT022841,0,1
hsa-miR-124-3p,NM_001146106,PARP9,....(((((.((((.(((((..&)))))....)))).))))).,3775,3795,1.0,-22.5,1,0.0005383376,0.588,0.28226782679999995,0.21779402005000004,-11.524518497216741,14,20,5,3UTR,MIRT022841,0,1
hsa-miR-124-3p,NM_001146106,PARP9,..((((..((((.(((((((((&)))))))...))))))..)))).,5790,5813,1.0,-21.6,1,0.0002704903,0.5,1.3294429999999997,1.4790419937500006,-10.103452796090483,17,23,7,3UTR,MIRT022841,0,1
hsa-miR-124-3p,NM_001146106,PARP9,.((((((((.((.((.(((...&))).)).)))))))))).,6202,6220,1.0,-19.8,1,0.00042681,0.456,1.0075198375,1.7319902474999995,-6.558010998655153,15,18,10,3UTR,MIRT022841,0,1
hsa-miR-125a-3p,NM_001146106,PARP9,.(((((((((....((((((((&))))))))....)))).))))).,6154,6177,1.0,-27.8,1,0.001579144,0.5,2.8529371699999997,2.3375176262500004,-12.110873152550473,17,23,8,3UTR,,0,1
hsa-miR-134-5p,NM_001146106,PARP9,.((((((((..((..(((((((&)))))))..)).)))))))).,2952,2973,1.0,-25.0,1,0.07488504,0.618,0.18253525,0.051826962500000004,-9.452895258866688,17,21,8,3UTR,,0,1
hsa-miR-340-3p,NM_001146106,PARP9,((((((((((............&.)))))))))).,3637,3660,1.0,-18.3,1,0.0001730808,0.618,0.80586975,0.18164994960000003,-13.223621401949268,10,12,10,3UTR,,0,1
hsa-miR-518c-5p,NM_001146106,PARP9,((((((((((((..((((.(((.&))).)))).))).......))))))))).,6360,6389,1.0,-22.6,1,0.01283149,0.412,0.9126690421052632,0.6672627293625001,-6.083544976388314,19,29,9,3UTR,,0,1
hsa-miR-574-5p,NM_001146106,PARP9,(((((((.((.(((((((.(((.&))).))))))).)).))))))).,5321,5344,1.0,-22.5,1,0.07568661,0.529,1.929814,0.6229427162499998,-9.075983850792646,19,23,7,3UTR,,0,1
hsa-miR-641,NM_001146106,PARP9,..((((..((.(..((((((((((&)))))))))).....).))..)))).,3048,3074,1.0,-21.3,1,0.01086919,0.618,0.18776390000000004,0.025685025000000014,-13.785067189021241,17,26,10,3UTR,,0,1
hsa-miR-758-3p,NM_001146106,PARP9,((((((((((((..((......&.))..)))))))))))).,2477,2511,1.0,-21.1,1,0.002259034,0.647,-0.044026266666666654,0.285795412675,-6.083544976388314,14,18,12,3UTR,,0,1
hsa-miR-758-3p,NM_001146106,PARP9,((((((((((((..((......&))..)))))))))))).,2494,2511,1.0,-21.0,1,0.002259034,0.647,0.30888706666666665,0.24462221017500002,-6.083544976388314,14,17,12,3UTR,,0,1
hsa-miR-449c-3p,NM_001146106,PARP9,.(((((.(((((((((..((((.&.))))..)))))))))))))).,3654,3696,1.0,-25.4,1,2.589957e-05,0.397,0.02697855555555558,0.17774237542499996,-5.337011372228436,18,22,14,3UTR,,0,1
hsa-miR-766-5p,NM_001146106,PARP9,..(((.(((((((((.((((..&)))).)))))))))..))).,4492,4512,1.0,-24.6,1,0.02099265,0.574,0.7159270333333335,0.7035656737499996,-7.091008560868949,16,20,9,3UTR,,0,1
hsa-miR-541-3p,NM_001146106,PARP9,(((((((((..(((((((((..&.)))))))))..))))))))).,4182,4210,1.0,-27.6,1,0.0001833072,0.515,0.8171581075555555,0.058564253799999993,-8.004855389940193,18,22,9,3UTR,,0,1
hsa-miR-937-5p,NM_001146106,PARP9,((((((((((((((.(((..&))).)))))))))))))).,3691,3710,1.0,-28.2,1,0.0005685974,0.426,-0.3898189642857143,0.2500306738,-4.6730240064523,17,19,14,3UTR,,0,1
hsa-miR-3162-5p,NM_001146106,PARP9,.(((((.((((((((((((((((&))))))))))))))...........))))))).,5724,5757,1.0,-26.0,1,0.04499992,0.574,2.5505287148148152,-0.3485100225,-5.337011372228436,21,33,14,3UTR,,0,1
hsa-miR-3162-5p,NM_001146106,PARP9,.((((((...(((((((((((..&))))))))))))))))).,4421,4439,1.0,-25.9,1,0.4296728,0.456,0.6260271818181818,1.3351148508499993,-8.40585589311169,17,18,17,3UTR,,0,1
hsa-miR-3173-3p,NM_001146106,PARP9,..((((((((.((((((((((.&)))))....))))).........)))))))).,5807,5839,1.0,-25.5,1,0.2654382,0.485,1.2349154500000001,1.4380462612500002,-7.7817751947826395,18,32,8,3UTR,,0,1
hsa-miR-3179,NM_001146106,PARP9,((.((((((((((((.......&)))))))))))))).,5382,5397,1.0,-15.9,1,0.09003892,0.574,1.7368797499999997,0.5734534787500001,-5.728163000811725,14,15,14,3UTR,,0,1
hsa-miR-3613-3p,NM_001146106,PARP9,..(((((((((((((((((.....&.)))).))))))))))))).,2652,2677,1.0,-18.7,1,0.05374385,0.662,0.12734760594444444,-0.022023720462500007,-4.95700071937229,17,20,13,3UTR,,0,1
hsa-miR-3689a-3p,NM_001146106,PARP9,.((((((((((((((((((((.&)))))))))).............)))))...))))).,5002,5039,1.0,-24.6,1,0.00016244,0.456,0.7739398305555556,0.5781135087500001,-3.793324837357118,20,37,10,3UTR,,0,1
hsa-miR-3689b-3p,NM_001146106,PARP9,.((((.((((((...(((((((&)))))))..)))))))))).,5455,5475,1.0,-23.2,1,0.768336,0.574,-0.5402137142857142,1.2168735700000002,-8.57570368898745,17,20,10,3UTR,,0,1
hsa-miR-4428,NM_001146106,PARP9,.(((((((((((((((((((((&))))))))).....))))..)))))))).,2883,2912,1.0,-23.9,1,0.03638968,0.676,0.01821610714285716,-0.07561424000000003,-3.793324837357118,21,29,9,3UTR,,0,1
hsa-miR-4428,NM_001146106,PARP9,..((((.((((((((((((((.&)))).....)))))))))).)))).,2619,2644,1.0,-23.7,1,0.06956879,0.588,-0.014215504526315781,0.21978740668750002,-6.5006872542436085,18,25,10,3UTR,,0,1
hsa-miR-4430,NM_001146106,PARP9,(((((((.(((.(((((.&))))).))).))))))).,3869,3887,1.0,-22.8,1,0.1524837,0.441,-0.12187735714285712,0.31352740170000004,-9.59801268497865,15,18,7,3UTR,,0,1
hsa-miR-4430,NM_001146106,PARP9,.(((.((((.(((((.((&)).))))))))).))).,6293,6310,1.0,-20.7,1,0.004387625,0.544,3.1845356999999996,0.5335503487500001,-9.387917560801382,14,17,9,3UTR,,0,1
hsa-miR-4475,NM_001146106,PARP9,....((((((((((........&)))))))))).,3063,3074,1.0,-17.2,1,0.01086919,0.618,0.01522840000000002,0.01784248499999999,-10.515061109192176,10,11,10,3UTR,,0,1
hsa-miR-3689c,NM_001146106,PARP9,.((((.((((((...(((((((&)))))))..)))))))))).,5455,5475,1.0,-23.2,1,0.768336,0.574,-0.5402137142857142,1.2168735700000002,-8.57570368898745,17,20,10,3UTR,,0,1
hsa-miR-4676-5p,NM_001146106,PARP9,(((((((((((..........&))))))))))).,4060,4072,1.0,-23.3,1,0.001781927,0.485,0.2353779727272727,0.332087760025,-10.39884692653892,11,12,11,3UTR,,0,1
hsa-miR-4690-5p,NM_001146106,PARP9,((((((((.(((((((.((((.&)))).))))...))))))))))).,6454,6478,1.0,-30.4,1,3.967072e-05,0.441,0.01671101249999999,0.04184582364999993,-4.993964104447428,19,24,11,3UTR,,0,1
hsa-miR-4789-3p,NM_001146106,PARP9,(((((((((((((((......&.)))))))))..)))))).,4372,4422,1.0,-20.5,1,0.01743245,0.529,1.513354482352941,1.0287303154499998,-4.1706235265052785,15,19,9,3UTR,,0,1
hsa-miR-5004-5p,NM_001146106,PARP9,((((((((((((((((((.((.&)))))).)))))))))).)))).,3655,3678,1.0,-25.6,1,9.168077e-05,0.5,0.114245775,0.10740766749999997,-3.937574446201665,20,23,10,3UTR,,0,1
hsa-miR-5093,NM_001146106,PARP9,.....(((((.((((((((((.(&).)))))))))).))))).,3582,3601,1.0,-24.1,1,0.002130133,0.515,0.9465385999999999,0.4629883441750001,-16.49037411886075,16,19,10,3UTR,,0,1
hsa-miR-5187-5p,NM_001146106,PARP9,.((((((((((.....((((..&))))......)))))))))).,2717,2738,1.0,-23.5,1,0.09362856,0.647,-0.4866927,-0.10175602331249994,-10.254597317694373,14,21,10,3UTR,,0,1
hsa-miR-5189-3p,NM_001146106,PARP9,(((((((((..((((((....&))).)))..))))))))).,5778,5797,1.0,-21.9,1,0.008003285,0.529,-0.013112222222222018,1.1791249725000004,-8.004855389940193,15,19,9,3UTR,,0,1
hsa-miR-5693,NM_001146106,PARP9,((((.(((((((...((.((((&))))))...))))))))))).,6451,6472,1.0,-19.2,1,8.812588e-06,0.426,1.6153447142857142,0.21527440652499996,-10.938031711451421,17,21,11,3UTR,,0,1
hsa-miR-5698,NM_001146106,PARP9,.((.((((((((((((......&))))))))..)))).)).,3705,3723,1.0,-23.6,1,0.03917367,0.426,-0.28375953571428575,0.19923354420000006,-6.825347112316308,14,18,8,3UTR,,0,1
hsa-miR-6124,NM_001146106,PARP9,(((((((((.((((((((((&))))))..))))))))))))).,5299,5321,1.0,-29.4,1,0.6138951,0.515,-0.6226000916666667,0.34734650875,-5.180080914529843,19,22,13,3UTR,,0,1
hsa-miR-6505-5p,NM_001146106,PARP9,.(((((((((((...((((...&.))))....))))))))))).,4088,4125,1.0,-22.8,1,0.00313979,0.559,0.34194519399999995,0.06540233129999999,-6.674744927794402,15,21,11,3UTR,,0,1
hsa-miR-6505-5p,NM_001146106,PARP9,((((((..((((((.(((((((&))))).)).)))))))))))).,6265,6287,1.0,-19.8,1,0.001145323,0.515,-0.23597500000000002,1.1895387749999995,-8.530345470504251,19,22,12,3UTR,,0,1
hsa-miR-892c-5p,NM_001146106,PARP9,......(((((((((((((((&.))))))))))))))).,5777,5803,1.0,-19.5,0,0.01902247,0.529,-0.7534345133333333,1.7811169475000006,-15.566558404643448,15,17,15,3UTR,,0,1
hsa-miR-6757-5p,NM_001146106,PARP9,..(((((((((((((((.....&))))))))))....))))).,3376,3396,1.0,-23.8,1,0.1649351,0.588,0.4908242842105263,-0.04552564105000004,-4.95700071937229,15,20,10,3UTR,,0,1
hsa-miR-6760-5p,NM_001146106,PARP9,.(((((((((((((.((((((((&.)))))..)))))))).)))))))).,4407,4438,1.0,-26.8,1,0.2808087,0.471,0.8439524285714287,1.2115899133499994,-4.528774397607753,21,26,8,3UTR,,0,1
hsa-miR-6780a-5p,NM_001146106,PARP9,..(((((((((((((((.(((..&))).)))))))...........)))))))).,5699,5730,1.0,-26.2,1,0.0354656,0.5,1.949083457692307,-0.011912613749999842,-4.95700071937229,18,31,8,3UTR,,0,1
hsa-miR-6780a-5p,NM_001146106,PARP9,(((((((((((..((((((((((&)))))).))))......))))))))))).,6258,6287,1.0,-25.0,1,0.001145323,0.515,0.8698994545454546,1.0615850349999996,-8.573508368464264,21,29,11,3UTR,,0,1
hsa-miR-6805-5p,NM_001146106,PARP9,.(((((((((...((((((...&))))))....))))))))).,6510,6530,1.0,-25.2,1,0.04602211,0.485,-0.22607921111111112,-0.3649086568749999,-11.254033235030066,15,20,9,3UTR,,0,1
hsa-miR-6805-5p,NM_001146106,PARP9,(((((((.(((((((((((...&)))))))).)))))))))).,5000,5020,1.0,-24.7,1,0.01645733,0.515,0.62773235,0.5983782587500002,-6.251209375382295,18,20,10,3UTR,,0,1
hsa-miR-6805-5p,NM_001146106,PARP9,..((((((((....((.((((.&)))).))....)))))))).,3706,3726,1.0,-24.9,1,0.001302038,0.426,-0.13583343750000004,0.13769075752500004,-13.274549034565645,14,20,8,3UTR,,0,1
hsa-miR-6809-5p,NM_001146106,PARP9,(((((((((.....(((((((.&)))))))))))))))).,5443,5460,1.0,-25.8,1,0.01880842,0.559,-1.0560315555555555,1.12891992,-13.4976292297232,16,17,16,3UTR,,0,1
hsa-miR-6859-5p,NM_001146106,PARP9,..((((..((((((..((((...&))))..)))))).)))).,5028,5046,1.0,-24.3,1,0.01910597,0.471,0.08114166666666664,0.38974188125000003,-9.782820823978488,14,18,6,3UTR,,0,1
hsa-miR-6861-5p,NM_001146106,PARP9,.((((((((((((((..(((..&))).)))))))))).)))).,6366,6386,1.0,-28.3,1,0.003987992,0.441,1.1564989066666667,0.6379300581125001,-4.026373917660731,17,20,10,3UTR,,0,1
hsa-miR-6864-5p,NM_001146106,PARP9,..((((((.(((((((((((.((.&))))))))...))).)))))))).,4409,4433,1.0,-20.3,1,0.07725489,0.471,1.6800966866666665,1.2341399970999998,-6.013390377618052,19,24,8,3UTR,,0,1
hsa-miR-6870-5p,NM_001146106,PARP9,(((((((..(((((((((.&)))))))))..))))))).,5966,5985,1.0,-25.6,1,0.02672758,0.588,1.5762028888888888,0.8281516425000001,-7.307599033628058,16,19,9,3UTR,,0,1
hsa-miR-6891-5p,NM_001146106,PARP9,.(((((((((((.((((((&))))))))))))))))).,6092,6110,1.0,-23.8,1,0.1502863,0.5,2.128139763636364,1.3319094462499996,-5.08245545002336,17,18,17,3UTR,,0,1
hsa-miR-6892-5p,NM_001146106,PARP9,...((((((((.((((((((.&)))))))).)).)))))).,6470,6489,1.0,-25.0,1,0.002203982,0.5,-0.20400773749999998,-0.004402647225000028,-9.861343503275094,16,19,8,3UTR,,0,1
hsa-miR-6894-5p,NM_001146106,PARP9,((((.(((((.(((((((((((((&))))))))..)))))))))).)))).,6144,6170,1.0,-32.9,1,0.0005287009,0.471,3.6074442466666667,2.80067407625,-10.881386096424487,22,26,10,3UTR,,0,1
hsa-miR-6894-5p,NM_001146106,PARP9,.((((((.(((((((((((((...&)))))))).....))))).)))))).,5815,5841,1.0,-28.7,1,0.0752175,0.5,2.9980470166666664,1.3215314575000003,-6.106959766537749,19,26,8,3UTR,,0,1
hsa-miR-7111-5p,NM_001146106,PARP9,((((((((((((((((((((..&)))).)))))...)))))))).))).,6285,6311,1.0,-30.1,1,0.002265344,0.544,1.8985105239999995,0.6038349900000001,-3.937574446201665,20,26,8,3UTR,,0,1
hsa-miR-7111-5p,NM_001146106,PARP9,.(((((((((((((((((((..&.))))).)).....)))))))))))).,5807,5841,1.0,-29.0,1,0.0752175,0.5,2.059025504,0.9892492237500004,-3.793324837357118,19,27,12,3UTR,,0,1
hsa-miR-7114-5p,NM_001146106,PARP9,(((((((.((((((.((.((.&)).)).))))))..))))))).,5973,5995,1.0,-25.7,1,0.00109998,0.574,3.1186262428571427,0.3212303774999999,-6.9866589356329305,17,22,7,3UTR,,0,1
hsa-miR-7515,NM_001146106,PARP9,...(((((((((.(((((&))))).))))))))).,5192,5208,1.0,-20.2,1,0.001671518,0.632,-0.7066969222222221,0.6893221500000001,-7.803670806344982,14,16,9,3UTR,,0,1
hsa-miR-1273h-5p,NM_001146106,PARP9,((.((((((..(((.((((((&)))))).)))..)))))).)).,3707,3729,1.0,-27.4,1,0.003808775,0.412,0.2093270833333333,0.17774239377500003,-10.297844424497276,17,22,6,3UTR,,0,1
hsa-miR-1273h-5p,NM_001146106,PARP9,(((((((((((((((((((((&))))))))).))))))..)))))).,4170,4195,1.0,-25.7,1,5.516349e-06,0.574,0.07907878616666665,0.046841789225,-3.937574446201665,21,25,9,3UTR,,0,1
hsa-miR-7851-3p,NM_001146106,PARP9,((((((((((.(((((((.(((&.))).))))))).)))))))))).,3716,3764,1.0,-36.5,1,1.336001e-05,0.441,0.08689382679999998,0.07614787545000004,-6.7623489216120145,20,24,10,3UTR,,0,1
hsa-miR-1843,NM_001146106,PARP9,..((((((((...(((((((&))))))).)))))))).,3842,3859,1.0,-24.0,1,3.784878e-05,0.426,0.46005787499999995,0.2529613592,-12.417709117045238,15,17,8,3UTR,,0,1
hsa-miR-1843,NM_001146106,PARP9,..(((..(((((((((((((&)))))))).......))))).))).,4547,4572,1.0,-22.1,1,0.01518268,0.544,1.9597677300000005,0.9747384537499998,-8.401646015436656,16,25,8,3UTR,,0,1
hsa-miR-10398-5p,NM_001146106,PARP9,.(((((((((((((((((((.&))).))))))....)))))))))).,6551,6576,1.0,-27.9,1,7.862172e-06,0.382,-0.8958686791666666,-0.36260668,-3.793324837357118,19,25,10,3UTR,,0,1
hsa-miR-3059-5p,NM_001146106,PARP9,((((((...(((((((.(((((..&))))).)))))))...)))))).,3285,3308,1.0,-27.1,1,5.031024e-05,0.559,0.8360779714285715,0.07404731267499998,-8.851285568499378,18,23,7,3UTR,,0,1
hsa-miR-12118,NM_001146106,PARP9,..((((((((((.((((...&)))).)))))))))).,6291,6307,1.0,-22.8,1,0.0008339394,0.559,3.7035588499999994,0.5894175650000001,-6.246131332038532,14,16,10,3UTR,,0,1
hsa-let-7a-5p,NM_030776,ZBP1,.((((((((((((((.......&.))))))))))).))).,1476,1495,1.0,-20.0,1,0.001738706,0.426,-0.6293616066666666,0.05993348125000006,-4.026373917660731,14,17,11,3UTR,,0,1
hsa-let-7b-5p,NM_030776,ZBP1,.((((((((((((((.((....&.))))))))))))).))).,1468,1495,1.0,-20.9,1,0.001738706,0.426,-0.5121636700000001,-0.013877231874999965,-4.026373917660731,16,19,13,3UTR,,0,1
hsa-let-7c-5p,NM_030776,ZBP1,.((((((((((((((.......&.))))))))))).))).,1476,1495,1.0,-20.0,1,0.001738706,0.426,-0.6293616066666666,0.05993348125000006,-4.026373917660731,14,17,11,3UTR,,0,1
hsa-let-7d-5p,NM_030776,ZBP1,(((((((((((((((.......&.))))))))))).)))).,1476,1496,1.0,-21.0,1,0.0006441811,0.441,-0.593822275,0.06832668125000008,-4.1706235265052785,15,18,11,3UTR,,0,1
hsa-miR-361-3p,NM_030776,ZBP1,(((((((((..((((((((....&)).))))))..))))))))).,1543,1564,1.0,-22.8,1,0.03419041,0.456,1.1250057777777778,0.10607815437500012,-8.004855389940193,17,21,9,3UTR,,0,1
hsa-miR-4529-5p,NM_030776,ZBP1,.(((((((((.((.((......&.)).)).))))))))).,1585,1610,1.0,-21.3,1,1.935863e-05,0.412,0.577287777777778,0.28209244,-7.474939230287874,13,17,9,3UTR,,0,1
hsa-let-7a-5p,NM_001160418,ZBP1,.((((((((((((((.......&.))))))))))).))).,1251,1270,1.0,-20.0,1,0.001738706,0.426,0.2750478466666666,0.07287019125000005,-4.026373917660731,14,17,11,3UTR,,0,1
hsa-let-7b-5p,NM_001160418,ZBP1,.((((((((((((((.((....&.))))))))))))).))).,1243,1270,1.0,-20.9,1,0.001738706,0.426,0.5831269933333333,0.13343042125000004,-4.026373917660731,16,19,13,3UTR,,0,1
hsa-let-7c-5p,NM_001160418,ZBP1,.((((((((((((((.......&.))))))))))).))).,1251,1270,1.0,-20.0,1,0.001738706,0.426,0.2750478466666666,0.07287019125000005,-4.026373917660731,14,17,11,3UTR,,0,1
hsa-let-7d-5p,NM_001160418,ZBP1,(((((((((((((((.......&.))))))))))).)))).,1251,1271,1.0,-21.0,1,0.0006441811,0.441,0.25641394999999995,0.06634835374999998,-4.1706235265052785,15,18,11,3UTR,,0,1
hsa-miR-4529-5p,NM_001160418,ZBP1,.(((((((((.((.((......&.)).)).))))))))).,1360,1385,1.0,-21.3,1,1.935863e-05,0.412,-0.8709938888888891,0.0018847975000000905,-7.474939230287874,13,17,9,3UTR,,0,1
hsa-miR-635,NM_006074,TRIM22,((((((((((.((..........&.)).)))))))))).,2014,2033,1.0,-19.6,1,0.02328742,0.632,-0.16993616100000003,-0.056335067749999995,-8.58768747968667,12,15,10,3UTR,,0,1
hsa-miR-4321,NM_006074,TRIM22,((((((((((...((((((..&.)))))))))))))))).,2048,2084,1.0,-28.5,1,0.001520948,0.603,0.03367648,-0.07371667812499998,-11.398282843874613,16,18,16,3UTR,,0,1
hsa-miR-4476,NM_006074,TRIM22,...(((((...((((((((((.&))))))))))....))))).,1980,2000,1.0,-20.5,1,0.05957143,0.559,-0.24442750000000002,0.0013963720000000068,-11.638210795663031,15,20,10,3UTR,,0,1
hsa-miR-6720-5p,NM_006074,TRIM22,((((((((((((((((((..(((&.)))..)))).))))).))))))))).,1842,1887,1.0,-27.5,1,0.001071693,0.588,0.1305165,-0.11908197787499998,-3.937574446201665,21,27,9,3UTR,,0,1
hsa-miR-6773-5p,NM_199139,XAF1,..(((((((((.((.........&)).))))))))).,3269,3282,0.9615384615384616,-20.9,1,0.0001775223,0.529,-0.5425004444444446,-0.06591580624999997,-9.272302669522894,11,13,9,3UTR,,0,1
hsa-miR-6773-5p,NM_017523,XAF1,..(((((((((.((.........&)).))))))))).,3326,3339,0.9615384615384616,-20.9,1,0.0001775223,0.529,-0.5425004444444446,-0.06591580624999997,-9.272302669522894,11,13,9,3UTR,,0,1
hsa-let-7a-2-3p,NM_199139,XAF1,((((.(((((((((........&)))))))))..)))).,2511,2530,1.0,-22.3,1,5.123805e-05,0.426,-0.23096822222222219,-0.06012727499999998,-9.025110261568384,13,16,9,3UTR,,0,1
hsa-let-7g-3p,NM_199139,XAF1,(((((...(((((((((((.(&).)))))))))))))))).,2678,2697,1.0,-22.1,1,7.216334e-05,0.412,0.22236890909090912,-0.13862164999999999,-9.695854671446662,17,19,16,3UTR,,0,1
hsa-miR-193b-5p,NM_199139,XAF1,.((((((((..((.((((((.(&).)))))).))..)))))))).,1367,1389,1.0,-22.3,1,0.002273958,0.618,0.39452746250000004,0.10689500249999999,-8.717445698616054,17,22,8,3UTR,,0,1
hsa-miR-624-5p,NM_199139,XAF1,..(((((((((((.(((.....&.))).))))))))))).,1878,1923,1.0,-23.4,1,9.273137e-06,0.588,-0.03560663636363636,0.04307091249999999,-5.813840636892696,14,17,11,3UTR,,0,1
hsa-miR-647,NM_199139,XAF1,(((((((((.....((((...&)))).....))))))))).,2791,2810,1.0,-19.9,1,0.003205003,0.574,-0.10784,0.025869899999999984,-13.4976292297232,13,19,9,3UTR,,0,1
hsa-miR-889-5p,NM_199139,XAF1,....(((....(((((((((((&)))))))))))....))).,1673,1692,1.0,-20.4,1,0.02190883,0.706,0.15315727272727273,0.004776599999999992,-16.983867999802854,14,19,11,3UTR,,0,1
hsa-miR-889-5p,NM_199139,XAF1,.((((((((..((((((((((.&)))).....)))))))))))))).,2786,2810,1.0,-19.7,1,0.003205003,0.574,0.1691993333333333,-0.05089298749999999,-7.8606057810956464,18,24,14,3UTR,,0,1
hsa-miR-4267,NM_199139,XAF1,((((((((.((..(((&.))).)).)))))))).,2832,2858,1.0,-19.5,1,3.288793e-05,0.515,-0.179024,0.1309140875,-9.629898026710027,13,17,8,3UTR,,0,1
hsa-miR-4677-5p,NM_199139,XAF1,(((((((((((......((((.&))))......))))))))))).,3323,3345,1.0,-19.2,1,0.01455787,0.556,0.463806909090909,-0.25433574999999997,-10.39884692653892,15,22,11,3UTR,,0,1
hsa-miR-4733-3p,NM_199139,XAF1,((((((.(((((.(((((((((&))))..))))).))))..............).)))))).,2435,2474,1.0,-20.9,1,0.0194462,0.515,0.096442,-0.04800679999999994,-6.770391593739227,20,39,6,3UTR,,0,1
hsa-miR-5087,NM_199139,XAF1,((((.((((((((((((((....&))))...)))))))))).)))).,1961,1984,1.0,-22.0,1,0.4247325,0.603,0.3164371176470589,-0.10031979999999999,-8.056611621014136,18,23,10,3UTR,,0,1
hsa-miR-5089-5p,NM_199139,XAF1,((((((((.((((((......&)))))).)))))))).,2309,2325,1.0,-19.9,1,0.1532831,0.691,-0.38680275,0.07262063750000003,-5.227013184751041,14,16,8,3UTR,,0,1
hsa-miR-6499-3p,NM_199139,XAF1,..((((((((((....(((...&)))....)))))))))).,2960,2978,1.0,-20.6,1,0.001505633,0.456,-0.09244909999999999,0.058191262499999966,-8.071469890113187,13,18,10,3UTR,,0,1
hsa-miR-7113-3p,NM_199139,XAF1,(((((((((((((((((((((..&.)))....))))))).).))))))..........)))).,2493,2542,1.0,-28.7,1,3.064754e-06,0.412,-0.05501086486486486,-0.07109342499999996,-3.937574446201665,21,39,7,3UTR,,0,1
hsa-let-7a-2-3p,NM_017523,XAF1,((((.(((((((((........&)))))))))..)))).,2568,2587,1.0,-22.3,1,5.123805e-05,0.426,-0.23096822222222219,-0.06012727499999998,-9.025110261568384,13,16,9,3UTR,,0,1
hsa-let-7g-3p,NM_017523,XAF1,(((((...(((((((((((.(&).)))))))))))))))).,2735,2754,1.0,-22.1,1,7.216334e-05,0.412,0.22236890909090912,-0.13862164999999999,-9.695854671446662,17,19,16,3UTR,,0,1
hsa-miR-193b-5p,NM_017523,XAF1,.((((((((..((.((((((.(&).)))))).))..)))))))).,1424,1446,1.0,-22.3,1,0.002273958,0.618,0.39452746250000004,0.10689500249999999,-8.717445698616054,17,22,8,3UTR,,0,1
hsa-miR-624-5p,NM_017523,XAF1,..(((((((((((.(((.....&.))).))))))))))).,1935,1980,1.0,-23.4,1,9.273137e-06,0.588,-0.03560663636363636,0.04307091249999999,-5.813840636892696,14,17,11,3UTR,,0,1
hsa-miR-647,NM_017523,XAF1,(((((((((.....((((...&)))).....))))))))).,2848,2867,1.0,-19.9,1,0.003205003,0.574,-0.10784,0.025869899999999984,-13.4976292297232,13,19,9,3UTR,,0,1
hsa-miR-889-5p,NM_017523,XAF1,....(((....(((((((((((&)))))))))))....))).,1730,1749,1.0,-20.4,1,0.02190883,0.706,0.15315727272727273,0.004776599999999992,-16.983867999802854,14,19,11,3UTR,,0,1
hsa-miR-889-5p,NM_017523,XAF1,.((((((((..((((((((((.&)))).....)))))))))))))).,2843,2867,1.0,-19.7,1,0.003205003,0.574,0.1691993333333333,-0.05089298749999999,-7.8606057810956464,18,24,14,3UTR,,0,1
hsa-miR-4267,NM_017523,XAF1,((((((((.((..(((&.))).)).)))))))).,2889,2915,1.0,-19.5,1,3.288793e-05,0.515,-0.179024,0.1309140875,-9.629898026710027,13,17,8,3UTR,,0,1
hsa-miR-4677-5p,NM_017523,XAF1,(((((((((((......((((.&))))......))))))))))).,3380,3402,1.0,-19.2,1,0.01455787,0.556,0.463806909090909,-0.25433574999999997,-10.39884692653892,15,22,11,3UTR,,0,1
hsa-miR-4733-3p,NM_017523,XAF1,((((((.(((((.(((((((((&))))..))))).))))..............).)))))).,2492,2531,1.0,-20.9,1,0.0194462,0.515,0.096442,-0.04800679999999994,-6.770391593739227,20,39,6,3UTR,,0,1
hsa-miR-5089-5p,NM_017523,XAF1,((((((((.((((((......&)))))).)))))))).,2366,2382,1.0,-19.9,1,0.1532831,0.691,-0.38680275,0.07262063750000003,-5.227013184751041,14,16,8,3UTR,,0,1
hsa-miR-6499-3p,NM_017523,XAF1,..((((((((((....(((...&)))....)))))))))).,3017,3035,1.0,-20.6,1,0.001505633,0.456,-0.09244909999999999,0.058191262499999966,-8.071469890113187,13,18,10,3UTR,,0,1
hsa-miR-7113-3p,NM_017523,XAF1,(((((((((((((((((((((..&.)))....))))))).).))))))..........)))).,2550,2599,1.0,-28.7,1,3.064754e-06,0.412,-0.05501086486486486,-0.07109342499999996,-3.937574446201665,21,39,7,3UTR,,0,1
hsa-miR-3136-3p,NM_006820,IFI44L,(((((((.....(((((((((.&)))))..)))).....))))))).,5500,5524,0.9615384615384616,-18.3,1,0.004207468,0.618,0.3209585363636363,0.011357263,-14.721683286962943,16,24,7,3UTR,,0,1
hsa-miR-4701-3p,NM_006820,IFI44L,...(((((.((((((((((.&))))).)))))))))).,3819,3836,0.9615384615384616,-22.6,1,0.0002165704,0.544,-0.38851416363636365,-0.015433835,-7.570929851924502,15,17,10,3UTR,,0,1
hsa-miR-4481,NM_006820,IFI44L,((((.((((.((((((.&))))).).)))))))).,4725,4742,0.9743589743589745,-23.7,1,0.01582871,0.485,0.005543142857142873,0.028893875000000006,-9.299118089342315,14,17,8,3UTR,,0,1
hsa-miR-6772-3p,NM_006820,IFI44L,...((((...((((((((((.((&.)).))))))))))..)))).,5649,5690,0.9743589743589745,-27.0,1,0.03932132,0.515,0.49888659999999996,0.020812090999999935,-11.127071249433312,16,21,10,3UTR,,0,1
hsa-let-7e-5p,NM_006820,IFI44L,(((((((((.(((.(...((((&))))...).))).))))))))).,4604,4627,1.0,-18.9,1,0.1786425,0.662,0.03359248999999999,0.20118511274999998,-6.269969912353863,17,23,9,3UTR,,0,1
hsa-let-7f-2-3p,NM_006820,IFI44L,((((..(((((((((((((((.&.)))))))))))))))..)))).,5394,5428,1.0,-23.8,1,0.01291806,0.632,0.14904767333333335,0.2447803885000001,-9.957570382207184,19,23,15,3UTR,,0,1
hsa-miR-129-5p,NM_006820,IFI44L,(((..(((..(((((((((((&)))))))))))..).)).))).,4676,4698,1.0,-22.4,1,0.001014332,0.544,-0.021995727272727247,0.06549801012500002,-13.38753002254727,17,22,11,3UTR,,0,1
hsa-miR-185-5p,NM_006820,IFI44L,.(((((((((((((((((((((&.))))))))))))).)))))))).,4879,4916,1.0,-27.9,1,0.07632031,0.676,0.17766181818181823,0.033484800000000016,-3.793324837357118,21,24,13,3UTR,,0,1
hsa-miR-151a-3p,NM_006820,IFI44L,(((((((..(((.(((((...&))))).)))...))))))).,3220,3240,1.0,-20.3,1,0.002328612,0.544,0.16701428571428575,0.052679900000000016,-8.596729646294301,15,20,7,3UTR,,0,1
hsa-miR-151a-3p,NM_006820,IFI44L,...(((((.((((((((....&))))))))..))))).,3558,3574,1.0,-19.7,1,0.0122178,0.588,0.19458450000000002,0.00897327500000002,-7.570929851924502,13,16,8,3UTR,,0,1
hsa-miR-193b-5p,NM_006820,IFI44L,(((((....(((((((((((((&)))))))))))))...))))).,1592,1614,1.0,-24.1,1,0.001973437,0.603,-0.05280914615384618,-0.0029768662500000292,-10.752244329692425,18,22,13,3UTR,,0,1
hsa-miR-193b-5p,NM_006820,IFI44L,.((((.(((((((((.......&.))))))))))))).,5344,5373,1.0,-22.9,1,0.03343235,0.574,0.13328834444444448,0.02672179299999998,-5.927332678853777,13,15,13,3UTR,,0,1
hsa-miR-551b-5p,NM_006820,IFI44L,((((((((((((((((......&.)))))))))))))))).,2453,2499,1.0,-24.9,1,0.00944302,0.691,0.40459809375,0.07924300749999996,-3.937574446201665,16,18,16,3UTR,,0,1
hsa-miR-629-3p,NM_006820,IFI44L,.(((((((.((.(..((((...&))))..).))))))))).,5681,5699,1.0,-20.4,1,0.04452441,0.529,-0.16162103285714283,0.020221504249999966,-9.788807282970279,14,18,9,3UTR,,0,1
hsa-miR-1262,NM_006820,IFI44L,..(((((..(((((((.(((((&))))).))))))).))))).,1670,1690,1.0,-21.6,1,0.1311469,0.529,-0.40073495714285706,0.07531834374999996,-8.327025306798683,17,20,7,3UTR,,0,1
hsa-miR-3177-5p,NM_006820,IFI44L,(((((.......(((((((((((&)))))))))))........))))).,1931,1956,1.0,-22.0,1,8.583546e-06,0.529,-0.1891885636363636,0.01601390749999998,-18.166328583027312,16,25,11,3UTR,,0,1
hsa-miR-3185,NM_006820,IFI44L,.((((((((((((.((((.(.((&))))))).))))))).........))))).,4781,4811,1.0,-20.4,1,0.05590325,0.603,-0.12187961904761907,-0.001399137499999998,-4.650164754877524,19,30,7,3UTR,,0,1
hsa-miR-3605-5p,NM_006820,IFI44L,(((((((((...((((((.(((.&))).))))))...))))))))).,4789,4812,1.0,-22.4,1,0.05551594,0.618,0.04481155555555557,0.01122286250000001,-11.35165869953655,18,23,9,3UTR,,0,1
hsa-miR-3680-3p,NM_006820,IFI44L,(((((.((((((((((((((((.&)))).)))))).)))))).))))).,4318,4343,1.0,-20.5,1,0.002604481,0.706,0.15139807833333335,0.1399684364999999,-5.838533207394711,21,25,6,3UTR,,0,1
hsa-miR-4458,NM_006820,IFI44L,.(((((((((((((..((.&.))..)))).))))))))).,4595,4626,1.0,-21.5,1,0.1782357,0.662,0.5609135642857144,0.20497166387500004,-4.761823477911366,15,20,9,3UTR,,0,1
hsa-miR-4458,NM_006820,IFI44L,.((((..(((((((.....&)))))))...)))).,4726,4741,1.0,-17.6,1,0.0129932,0.5,-0.13149614285714284,0.013747425000000011,-8.20646877397573,11,15,7,3UTR,,0,1
hsa-miR-4511,NM_006820,IFI44L,((((((.(.((((((((((((.&))))))).))))).).)))))).,3887,3910,1.0,-21.2,1,0.01403803,0.603,0.23079827,-0.10657522587500003,-6.537650639318747,19,23,7,3UTR,,0,1
hsa-miR-4639-3p,NM_006820,IFI44L,...((((((((((.(((((.&.)))))...)))))))))).,5675,5697,1.0,-19.1,1,0.05844996,0.559,-0.36152903300000006,0.115954485875,-7.371380111199145,15,20,10,3UTR,,0,1
hsa-miR-4672,NM_006820,IFI44L,....(((((((((((..(((.&)))..))))))))))).,5548,5565,1.0,-22.3,1,0.01884825,0.559,-0.1775844636363636,-0.029417936625000002,-9.779611548941542,14,17,11,3UTR,,0,1
hsa-miR-4691-5p,NM_006820,IFI44L,(((((((((((((((.(((....&.))).))))).))......)))))))).,5381,5414,1.0,-24.3,1,0.0007805669,0.632,0.07383622727272726,0.22823390225000012,-4.1706235265052785,18,28,8,3UTR,,0,1
hsa-miR-4691-5p,NM_006820,IFI44L,(((((..((((((((((((((..&)))))).))......))))))..))))).,3582,3611,1.0,-24.3,1,0.001083888,0.603,-0.04705880952380949,0.029407637499999993,-7.382219742266031,19,29,6,3UTR,,0,1
hsa-miR-4710,NM_006820,IFI44L,(((.(.(((((((((((.&))))).)))))))))).,4725,4742,1.0,-23.6,1,0.01582871,0.485,-0.13329933333333333,0.015640687500000004,-8.870555482353902,15,17,10,3UTR,,0,1
hsa-miR-4713-5p,NM_006820,IFI44L,((((((((((.((..(((((..&))))))).)))))))))).,5680,5699,1.0,-23.2,1,0.04452441,0.529,-0.323708713,0.03499511799999998,-8.354638399383056,17,19,10,3UTR,,0,1
hsa-miR-4768-5p,NM_006820,IFI44L,.((((((((((((..((((((.&.))))))..)))))))))))).,3744,3771,1.0,-28.5,1,0.02072674,0.559,-0.005972949999999995,-0.008622443750000014,-5.3856143151281595,18,22,12,3UTR,MIRT619094,0,1
hsa-miR-4802-5p,NM_006820,IFI44L,((((((((((((((..(((...&))))))))))))))))).,4516,4534,1.0,-19.8,1,0.0006767153,0.529,-0.008882113571428587,0.055400451624999986,-4.906073086755913,17,18,17,3UTR,,0,1
hsa-miR-5193,NM_006820,IFI44L,..(((((((((((((((((.((&.)).)))))).))))))))))).,5654,5699,1.0,-29.4,1,0.04452441,0.529,0.39067786111111114,0.08227054637499998,-4.95700071937229,19,23,11,3UTR,,0,1
hsa-miR-5196-5p,NM_006820,IFI44L,..(((((((.(((..(((((((&))))))).))).))))))).,2520,2540,1.0,-26.0,1,0.01643143,0.618,-0.07247257142857144,0.025221731250000032,-7.79179666547151,17,20,7,3UTR,,0,1
hsa-miR-5196-5p,NM_006820,IFI44L,.(((((.((((.(((((((...&.)))))))...)))).))))).,5343,5379,1.0,-24.7,1,0.004010909,0.559,-0.19538911428571426,0.02435800799999998,-8.683814681824792,16,22,7,3UTR,,0,1
hsa-miR-5197-3p,NM_006820,IFI44L,(((((((((((((((((((....&.))))....)))))))).............))))))).,4357,4413,1.0,-19.9,1,0.01270904,0.662,0.03078742250000001,0.10336406437500005,-3.937574446201665,19,38,8,3UTR,,0,1
hsa-miR-6069,NM_006820,IFI44L,(((((((((.(((((((((((&)))))...................)))))).))).)))...))).,3378,3423,1.0,-25.6,1,0.003649563,0.574,0.1741502666666667,-0.05573504,-5.180080914529843,20,45,6,3UTR,,0,1
hsa-miR-6738-3p,NM_006820,IFI44L,(((((((((.((((((...(((..&)))....)))))).))))))))).,5673,5697,1.0,-24.9,1,0.05844996,0.559,-0.2554217033333333,0.08108875087499996,-5.180080914529843,18,24,9,3UTR,,0,1
hsa-miR-6742-5p,NM_006820,IFI44L,.((((((((.(((((((((((.&))))))))))).)).))).))).,4981,5004,1.0,-26.9,1,0.0002421505,0.588,-0.04865054545454545,0.02553968750000003,-5.035831305685297,19,23,11,3UTR,,0,1
hsa-miR-6759-5p,NM_006820,IFI44L,(((((((.((((((........&.)))))).))))))).,4707,4746,1.0,-22.1,1,0.01572916,0.5,-0.39836214285714283,-0.03737178749999999,-7.219708015936543,13,16,7,3UTR,,0,1
hsa-miR-6792-3p,NM_006820,IFI44L,(((((((((.(((((((((((.&))))....)))))))....))))))))).,5670,5699,1.0,-29.8,1,0.04452441,0.529,-0.19448898866666667,0.12422761799999998,-5.180080914529843,20,29,9,3UTR,,0,1
hsa-miR-6796-5p,NM_006820,IFI44L,.(((((((((((((((.......&.))))))))))))))).,4110,4135,1.0,-17.7,1,0.02535288,0.662,0.07959258733333333,0.0131165465,-3.793324837357118,15,17,15,3UTR,,0,1
hsa-miR-6796-5p,NM_006820,IFI44L,..((((((((((((.((.(((((&.)))))))...))))...)))))))).,5546,5583,1.0,-22.8,1,0.5840271,0.574,-0.6672452533333332,0.08818009962499997,-5.692450279622925,19,27,8,3UTR,,0,1
hsa-miR-6799-5p,NM_006820,IFI44L,((((((.((((((((((((.&))))))))))))..))).))).,4592,4614,1.0,-25.2,1,0.03139796,0.662,0.3968274516666667,0.11787969787499997,-5.4812609810729835,18,22,12,3UTR,,0,1
hsa-miR-6809-3p,NM_006820,IFI44L,(((((((((((((((((....&)))))))...............)))))))))).,3944,3977,1.0,-22.7,1,0.02596803,0.544,0.04498692562500001,-0.11689070950000002,-3.937574446201665,17,33,10,3UTR,MIRT619092,0,1
hsa-miR-6821-3p,NM_006820,IFI44L,.((((((((((((((((....&.)))))).)))))))))).,5660,5701,1.0,-26.7,1,0.0390484,0.515,0.251941115882353,0.08345242387499996,-3.793324837357118,16,19,10,3UTR,,0,1
hsa-miR-6867-3p,NM_006820,IFI44L,((((((((((((((((.((..&.))))))))))).))))))).,5651,5699,1.0,-25.7,1,0.04452441,0.529,0.4799762411764705,0.04385895887499995,-3.937574446201665,18,21,11,3UTR,,0,1
hsa-miR-7110-3p,NM_006820,IFI44L,((.(((((((((((((((.(..&.).)).)))))))))))))..)).,5660,5703,1.0,-28.2,1,0.07202183,0.544,0.131318748125,0.08581620012499995,-5.495113920508112,18,24,13,3UTR,MIRT619105,0,1
hsa-miR-7155-3p,NM_006820,IFI44L,.(((((.((((((((((((&))).)))).))))))).))).,3223,3244,1.0,-21.8,1,0.001367201,0.544,-0.115173,-0.010893299999999995,-5.337011372228436,17,21,7,3UTR,,0,1
hsa-miR-9903,NM_006820,IFI44L,.((((((((..(((((.(((((&))))).))))))))))))).,4231,4251,1.0,-20.4,1,0.0001523057,0.603,-0.20271952374999996,0.18414571274999994,-7.8606057810956464,18,20,13,3UTR,,0,1
hsa-miR-4659a-3p,NM_006417,IFI44,((((.((((((((((.......&.)))))))))).)))).,1521,1547,1.0,-16.2,1,0.01299808,0.676,0.153828,0.08080634624999997,-8.28966070131775,14,17,10,3UTR,,0,1
hsa-miR-3922-3p,NM_021034,IFITM3,(((((((((.............&))))))))).,465,475,1.0,-15.5,1,0.000141716,0.426,-0.4311794888888889,-0.64693066875,-14.466127870277449,9,10,9,3UTR,MIRT767670,0,1
